sequence,tf_bc
CGGAGCGAACCGAGTTAGCTTTGTTATGCAAATTCTATCTTTGTTATGCAAATTCAGACTTTGTTATGCAAATTCGCCCTTTGTTATGCAAATGCTCGAAATCTAGTGGGTTTGTAGAGGGTATATAATGGAAGCTCGACTTCCAGCACGACGCTCTTCCGATCTCTGCTCCAGTCTACATCGTCGCATCCAAGAG,POU5F1::SOX2_5bp_21bp_minP_1_4_single
CGGAGCGAACCGAGTTAGAAGGTCACGGTGACCTTTCGATGGACGAAGGTCACGGTGACCTTTCGCATCTCGAAGGTCACGGTGACCTTGGACGAGTACAAGGTCACGGTGACCTTATACTCCTCCGGCGTTTACTATGGGAGGTCTATATAAGCAGAGCTCGTTTAGTGAACCGTCAGATCCACGACGCTCTTCCGATCTGTTCTTCTGGTCGCATCGTCGCATCCAAGAG,ESR1_10bp_10bp_mCMV_2_2_single
CGGAGCGAACCGAGTTAGGGAGGAAAAACTGTTTCATACAGAAGGCGTGGAGGAAAAACTGTTTCATACAGAAGGCGTGGAGGAAAAACTGTTTCATACAGAAGGCGTGATAGTACTCGGCGTTTACTATGGGAGGTCTATATAAGCAGAGCTCGTTTAGTGAACCGTCAGATCCACGACGCTCTTCCGATCTGAGCCGTGATTGACATCGTCGCATCCAAGAG,NFATC1_promega_NA_10bp_mCMV_NA_3_single
CGGAGCGAACCGAGTTAGGAACAATGGTCTATGAACAATGGTCAGAGAACAATGGTCGCCGAACAATGGGCTCGAAATCTAGTGGGTTTGGGCGTTTACTATGGGAGGTCTATATAAGCAGAGCTCGTTTAGTGAACCGTCAGATCCACGACGCTCTTCCGATCTTGGAACCGAATCCCATCGTCGCATCCAAGAG,SOX2_5bp_21bp_mCMV_1_4_single
CGGAGCGAACCGAGTTAGGGGGAATCCCCTCTATGGGGAATCCCCGCTATGGGGAATCCCCGTCTTGGGGAATCCCCGATCCTATACGGGCTGGGCATAAAAGTCAGGGCAGAGCCATCTATTGCTTACATTTGCTTCTCACGACGCTCTTCCGATCTCTTCCACCGAATCATCGTCGCATCCAAGAG,NFKB1_5bp_10bp_hBGm_1_1_single
CGGAGCGAACCGAGTTAGGCTAACTTACTAGTTGAGTCAGTGAGTCACTGACTCACTGACTCATGAGTCAGCTGACTCTGAGTCAGTGAGTCAGATAGACAGAAGCTGGTATAGTGGCGTTTACTATGGGAGGTCTATATAAGCAGAGCTCGTTTAGTGAACCGTCAGATCCACGACGCTCTTCCGATCTGTTAAGTCCACGCCATCGTCGCATCCAAGAG,FOS::JUN_TF-seq_NA_21bp_mCMV_NA_1_single
CGGAGCGAACCGAGTTAGTTCCCGGAATAGTCTGAAGTTCCCGGAACGACTATCTTTTCCCGGAATAGTCCGATGTTCCCGGAATCTCGTATACGGGCTGGGCATAAAAGTCAGGGCAGAGCCATCTATTGCTTACATTTGCTTCTCACGACGCTCTTCCGATCTACATCGAGCAGTCATCGTCGCATCCAAGAG,STAT3_10bp_10bp_hBGm_3_4_single
CGGAGCGAACCGAGTTAGGAGGTCATTGACCTTGAGCGGTGCAGAGGTCATTGACCTTCCGTACTCCTGAGGTCATTGACCTTGGAGAGTATAGAGGTCATTGACCTTCGACTCACTTGGCGTTTACTATGGGAGGTCTATATAAGCAGAGCTCGTTTAGTGAACCGTCAGATCCACGACGCTCTTCCGATCTTCTCAGCAGATCACATCGTCGCATCCAAGAG,NR1H4::RXRA_10bp_10bp_mCMV_1_5_single
CGGAGCGAACCGAGTTAGGTGACCTCAATGAGGTCACTCTATGTGACCTCAATGAGGTCACTCAGAGTGACCTCAATGAGGTCACTCGCCGTGACCTCAATGAGGTCACCGACTCACTTTAGAGGGTATATAATGGAAGCTCGACTTCCAGCACGACGCTCTTCCGATCTAATCGACTGCTCACATCGTCGCATCCAAGAG,THRB_5bp_10bp_minP_1_1_single
CGGAGCGAACCGAGTTAGCCTTAAGTAAACAAACGAGCGGTGCACCTTAAGTAAACAAACCCGTACTCCTCCTTAAGTAAACAAACGGAGAGTATACCTTAAGTAAACAAACGCTCGAAATCTAGTGGGTTTGGGTTAGCGATCCAATTCAGCTAGATTTTAAGCCACGACGCTCTTCCGATCTCGTGACCTCCTTACATCGTCGCATCCAAGAG,FOXA1_10bp_21bp_Random_1_3_single
CGGAGCGAACCGAGTTAGCCCCGCCCCCTCGACACTCTCCCCGCCCCCGATCGTTCAACCCCGCCCCCGGTCCACTAGCCCCGCCCCCTAACTCTACTGTGTCTATACCGGTTAGCGATCCAATTCAGCTAGATTTTAAGCCACGACGCTCTTCCGATCTAACGTTGATCTCCATCGTCGCATCCAAGAG,SP1_10bp_21bp_Random_1_5_single
CGGAGCGAACCGAGTTAGTACGCCCACGCATTAGGATCCTACTACGCCCACGCATTGAATCCGTCCTACGCCCACGCATTCAGGCCGCTTTACGCCCACGCATTATAGACAGAAGCTGGTATAGTGGCGTTTACTATGGGAGGTCTATATAAGCAGAGCTCGTTTAGTGAACCGTCAGATCCACGACGCTCTTCCGATCTCCAGGTCCTAGTACATCGTCGCATCCAAGAG,EGR1_10bp_21bp_mCMV_3_5_single
CGGAGCGAACCGAGTTAGCACATTCCATTCGATGGACGCACATTCCATTCGCATCTCGCACATTCCATGGACGAGTACCACATTCCATATACTCCTCCGGCGTTTACTATGGGAGGTCTATATAAGCAGAGCTCGTTTAGTGAACCGTCAGATCCACGACGCTCTTCCGATCTGGAGGCGGAATAACATCGTCGCATCCAAGAG,TEAD1_10bp_10bp_mCMV_2_1_single
CGGAGCGAACCGAGTTAGAAACCGGTTTTCTATAAACCGGTTTTCAGAAAACCGGTTTTCGCCAAACCGGTTTGCTCGAAATCTAGTGGGTTTGTAGAGGGTATATAATGGAAGCTCGACTTCCAGCACGACGCTCTTCCGATCTGCTCTTACCTTCGCATCGTCGCATCCAAGAG,GRHL1_5bp_21bp_minP_1_2_single
CGGAGCGAACCGAGTTAGCACGCATGACTGCGAGCGCACGCATGACTGCCGATGCACGCATGACTGCCCGATCACGCATGACTGCTCGTACAAACGCCTTTTTCACGGGCTGGGCATAAAAGTCAGGGCAGAGCCATCTATTGCTTACATTTGCTTCTCACGACGCTCTTCCGATCTTCTGTCATCGGCCATCGTCGCATCCAAGAG,PAX6_5bp_21bp_hBGm_3_4_single
CGGAGCGAACCGAGTTAGCAGGTCACCAGGTTCACTCGATGGACGCAGGTCACCAGGTTCACTCGCATCTCGCAGGTCACCAGGTTCACGGACGAGTACCAGGTCACCAGGTTCACCGACGCTGTTTGTTACTCAGTGGCGTTTACTATGGGAGGTCTATATAAGCAGAGCTCGTTTAGTGAACCGTCAGATCCACGACGCTCTTCCGATCTTTGAGACAGTTGGCATCGTCGCATCCAAGAG,VDR::RXRA_10bp_21bp_mCMV_2_5_single
CGGAGCGAACCGAGTTAGGCTAACTTACTAGTGACCGCACTGTAGGTAGGTCTTCATGTATAACCCAGAAGATTCTAGAACGTTCTGGAAGATTCTAGAACGTTCGATAGTACTCGGCGTTTACTATGGGAGGTCTATATAAGCAGAGCTCGTTTAGTGAACCGTCAGATCCACGACGCTCTTCCGATCTGACTTAGCGGTGTCATCGTCGCATCCAAGAG,HSF1_promega_NA_10bp_mCMV_NA_5_single
CGGAGCGAACCGAGTTAGGGAAATCCCCTCTATGGAAATCCCCTCAGAGGAAATCCCCTCGCCGGAAATCCCCGCTCGAAATCTAGTGGGTTTGGGCGTTTACTATGGGAGGTCTATATAAGCAGAGCTCGTTTAGTGAACCGTCAGATCCACGACGCTCTTCCGATCTCCTGATCAAGCCACATCGTCGCATCCAAGAG,REL_5bp_21bp_mCMV_1_2_single
CGGAGCGAACCGAGTTAGGGAAACGGAAACCGAAACTAGTCTGAAGGGAAACGGAAACCGAAACCGACTATCTTGGAAACGGAAACCGAAACTAGTCCGATGGGAAACGGAAACCGAAACTCTCGTATACGGGCTGGGCATAAAAGTCAGGGCAGAGCCATCTATTGCTTACATTTGCTTCTCACGACGCTCTTCCGATCTTTCGAGCCGAGACATCGTCGCATCCAAGAG,IRF3_10bp_10bp_hBGm_3_1_single
CGGAGCGAACCGAGTTAGGCTAACTTACTAGTCTGCACACGGCCCGTCTGCACACGGCCCGTCTGCACACGGCCCGTCTGCACACGGCCCGTCTGCACACGGCCCGATAGTACTCGGCGTTTACTATGGGAGGTCTATATAAGCAGAGCTCGTTTAGTGAACCGTCAGATCCACGACGCTCTTCCGATCTCACGGTATAGCCACATCGTCGCATCCAAGAG,MTF1_promega_NA_10bp_mCMV_NA_1_single
CGGAGCGAACCGAGTTAGGGACATGCCCGGGCATGTTCTATGGACATGCCCGGGCATGTGCTATGGACATGCCCGGGCATGTGTCTTGGACATGCCCGGGCATGTGATCCTATACGGCGTTTACTATGGGAGGTCTATATAAGCAGAGCTCGTTTAGTGAACCGTCAGATCCACGACGCTCTTCCGATCTACCTCTTAGGTCCATCGTCGCATCCAAGAG,TP53_5bp_10bp_mCMV_1_4_single
CGGAGCGAACCGAGTTAGACATCAAAGGAGCGGTGCAACATCAAAGCCGTACTCCTACATCAAAGGGAGAGTATAACATCAAAGGCTCGAAATCTAGTGGGTTTGGGCGTTTACTATGGGAGGTCTATATAAGCAGAGCTCGTTTAGTGAACCGTCAGATCCACGACGCTCTTCCGATCTAGGCATATCATCCCATCGTCGCATCCAAGAG,TCF7_10bp_21bp_mCMV_1_2_single
CGGAGCGAACCGAGTTAGTGACTCAGCAGAGCGTGACTCAGCACGATGTGACTCAGCACCGATTGACTCAGCATCTCGTATACGGGCTGGGCATAAAAGTCAGGGCAGAGCCATCTATTGCTTACATTTGCTTCTCACGACGCTCTTCCGATCTCGAGTCAATAGACATCGTCGCATCCAAGAG,NFE2L2_5bp_10bp_hBGm_3_3_single
CGGAGCGAACCGAGTTAGGTACATTATGTTCGAGCGGTACATTATGTTCCGATGGTACATTATGTTCCCGATGTACATTATGTTCTCGTACAAACGCCTTTTTCACGGCGTTTACTATGGGAGGTCTATATAAGCAGAGCTCGTTTAGTGAACCGTCAGATCCACGACGCTCTTCCGATCTTTGAACGCGCAACATCGTCGCATCCAAGAG,NR3C1_5bp_21bp_mCMV_3_5_single
CGGAGCGAACCGAGTTAGCCGGTTCGAACCGGTCTAATATCTCCGGTTCGAACCGGTCGAGCTATCCCGGTTCGAACCGGAGGAGCTCGGCCGGTTCGAACCGGGGGTTCTAACGATATGTGAAAGGCGTTTACTATGGGAGGTCTATATAAGCAGAGCTCGTTTAGTGAACCGTCAGATCCACGACGCTCTTCCGATCTACCTTCGTGTAGCATCGTCGCATCCAAGAG,TFCP2L1_10bp_21bp_mCMV_2_3_single
CGGAGCGAACCGAGTTAGGATGACGTGGCATTAGGATCCTACGATGACGTGGCATTGAATCCGTCCGATGACGTGGCATTCAGGCCGCTTGATGACGTGGCATTATAGACAGAAGCTGGTATAGTGGCGTTTACTATGGGAGGTCTATATAAGCAGAGCTCGTTTAGTGAACCGTCAGATCCACGACGCTCTTCCGATCTCGAAGCCTTATTCCATCGTCGCATCCAAGAG,XBP1_10bp_21bp_mCMV_3_3_single
CGGAGCGAACCGAGTTAGGCTAACTTACTAGTGACCGCACTGTAGGTAGGTCTTCATGTATAACCCAGCCCAAACATTGCATCATCCCCGCAACATTGCATCATCCCCGCAACATTGCATCATCCCCGCGATAGTACTCTAGAGGGTATATAATGGAAGCTCGACTTCCAGCACGACGCTCTTCCGATCTCGTTGCACCTGAACATCGTCGCATCCAAGAG,ATF4_TF-seq_NA_10bp_minP_NA_1_single
CGGAGCGAACCGAGTTAGTGACGTCATCTATTGACGTCAGCTATTGACGTCAGTCTTTGACGTCAGATCCTATACGGGCTGGGCATAAAAGTCAGGGCAGAGCCATCTATTGCTTACATTTGCTTCTCACGACGCTCTTCCGATCTATCTCGATCGGCCATCGTCGCATCCAAGAG,CREB1_5bp_10bp_hBGm_1_5_single
CGGAGCGAACCGAGTTAGTACATGAATATTCATGTAACTATTACATGAATATTCATGTAGATATTACATGAATATTCATGTAAGAAATACATGAATATTCATGTAGATAGTACTCGGCGTTTACTATGGGAGGTCTATATAAGCAGAGCTCGTTTAGTGAACCGTCAGATCCACGACGCTCTTCCGATCTTCAGTCCAAGCTCATCGTCGCATCCAAGAG,IRX3_5bp_10bp_mCMV_2_5_single
CGGAGCGAACCGAGTTAGTCAGTTTCATTTTCCGAGCGGTGCATCAGTTTCATTTTCCCCGTACTCCTTCAGTTTCATTTTCCGGAGAGTATATCAGTTTCATTTTCCCGACTCACTTGGCGTTTACTATGGGAGGTCTATATAAGCAGAGCTCGTTTAGTGAACCGTCAGATCCACGACGCTCTTCCGATCTAGTGAATTGCCGGCATCGTCGCATCCAAGAG,STAT1::STAT2_10bp_10bp_mCMV_1_4_single
CGGAGCGAACCGAGTTAGGCCATATATGGTAGGATCCTACGCCATATATGGTGAATCCGTCCGCCATATATGGTCAGGCCGCTTGCCATATATGGTGATAGTACTCGGCGTTTACTATGGGAGGTCTATATAAGCAGAGCTCGTTTAGTGAACCGTCAGATCCACGACGCTCTTCCGATCTCAACGTGACTTGACATCGTCGCATCCAAGAG,SRF_10bp_10bp_mCMV_3_1_single
CGGAGCGAACCGAGTTAGTCTAAAAATAGATCTATTCTAAAAATAGATCAGATCTAAAAATAGATCGCCTCTAAAAATAGACGACTCACTTGGCGTTTACTATGGGAGGTCTATATAAGCAGAGCTCGTTTAGTGAACCGTCAGATCCACGACGCTCTTCCGATCTTCATACTTGCTGGCATCGTCGCATCCAAGAG,MEF2A_5bp_10bp_mCMV_1_5_single
CGGAGCGAACCGAGTTAGAGGTCACGGAGAGGTCATCGATGGACGAGGTCACGGAGAGGTCATCGCATCTCGAGGTCACGGAGAGGTCAGGACGAGTACAGGTCACGGAGAGGTCACGACGCTGTTTGTTACTCAGTGGCGTTTACTATGGGAGGTCTATATAAGCAGAGCTCGTTTAGTGAACCGTCAGATCCACGACGCTCTTCCGATCTAGCACATCTGACCCATCGTCGCATCCAAGAG,RARA:RXRA_10bp_21bp_mCMV_2_1_single
CGGAGCGAACCGAGTTAGTCTAGACAGAGCGTCTAGACACGATGTCTAGACACCGATTCTAGACATCGTACAAACGCCTTTTTCACGGGCTGGGCATAAAAGTCAGGGCAGAGCCATCTATTGCTTACATTTGCTTCTCACGACGCTCTTCCGATCTTTACTGCCTAACCATCGTCGCATCCAAGAG,SMAD4_5bp_21bp_hBGm_3_5_single
CGGAGCGAACCGAGTTAGAATTATGCTAATTAAGTCTATAATTATGCTAATTAAGTCAGAAATTATGCTAATTAAGTCGCCAATTATGCTAATTAAGGCTCGAAATCTAGTGGGTTTGGGCGTTTACTATGGGAGGTCTATATAAGCAGAGCTCGTTTAGTGAACCGTCAGATCCACGACGCTCTTCCGATCTGTTGTTCGGTGTGCATCGTCGCATCCAAGAG,POU5F1_5bp_21bp_mCMV_1_2_single
CGGAGCGAACCGAGTTAGCAAAGGTCAAATTGAGGTCATCTATCAAAGGTCAAATTGAGGTCATCAGACAAAGGTCAAATTGAGGTCATCGCCCAAAGGTCAAATTGAGGTCACGACTCACTTGGCGTTTACTATGGGAGGTCTATATAAGCAGAGCTCGTTTAGTGAACCGTCAGATCCACGACGCTCTTCCGATCTCGGTTATACGGCACATCGTCGCATCCAAGAG,RORA_5bp_10bp_mCMV_1_3_single
CGGAGCGAACCGAGTTAGGACCGGAAGTACTTCCGGTCTTGGTGACCGGAAGTACTTCCGGTCGGTCCGACCGGAAGTACTTCCGGTCTGGTAGACCGGAAGTACTTCCGGTCGATAGTACTCTAGAGGGTATATAATGGAAGCTCGACTTCCAGCACGACGCTCTTCCGATCTTATTGGAACCTCGCATCGTCGCATCCAAGAG,ETS2_5bp_10bp_minP_3_1_single
CGGAGCGAACCGAGTTAGAGCCAATCAGACTATAGCCAATCAGGATATAGCCAATCAGAGAAAAGCCAATCAGGGGTTCTAACGATATGTGAAAGGCGTTTACTATGGGAGGTCTATATAAGCAGAGCTCGTTTAGTGAACCGTCAGATCCACGACGCTCTTCCGATCTTCGAGTTAAGCGCATCGTCGCATCCAAGAG,NFYA_5bp_21bp_mCMV_2_4_single
CGGAGCGAACCGAGTTAGTATGAATATTCATGTTGGTTATGAATATTCATGGGTCCTATGAATATTCATGTGGTATATGAATATTCATGGATAGTACTCTAGAGGGTATATAATGGAAGCTCGACTTCCAGCACGACGCTCTTCCGATCTCATTCGAGCCGAACATCGTCGCATCCAAGAG,POU2F1_5bp_10bp_minP_3_4_single
CGGAGCGAACCGAGTTAGGCTAACTTACTAGTGACCGCACTGTAGGTAGGTCTTCATGTATTTGCGTGAGAATTGCGTGAGAATTGCGTGAGAATTGCGTGAGAAGATAGTACTCGGCGTTTACTATGGGAGGTCTATATAAGCAGAGCTCGTTTAGTGAACCGTCAGATCCACGACGCTCTTCCGATCTGCCATTCTGACAACATCGTCGCATCCAAGAG,AHR::ARNT_TF-seq_NA_10bp_mCMV_NA_5_single
CGGAGCGAACCGAGTTAGGCTAACTTACTAGTAGAAACTACTAAAATGTAAATGACATAGGAAAACTGAAACTGAGAACGGAAACTGGGAAATTCCCCTGAATAGAGAGAGGACCATCATAGACAGAAGCTGGTATAGTTAGAGGGTATATAATGGAAGCTCGACTTCCAGCACGACGCTCTTCCGATCTTTCACTTGGCAGACATCGTCGCATCCAAGAG,ATF2_TF-seq_NA_21bp_minP_NA_3_single
CGGAGCGAACCGAGTTAGAAGGTCATTTGAGGTCAGAGCGAAGGTCATTTGAGGTCACGATGAAGGTCATTTGAGGTCACCGATAAGGTCATTTGAGGTCATCTCGTATACTAGAGGGTATATAATGGAAGCTCGACTTCCAGCACGACGCTCTTCCGATCTGCTCTCTACCAACATCGTCGCATCCAAGAG,RARA_5bp_10bp_minP_3_2_single
CGGAGCGAACCGAGTTAGAGTTAATCATTAACTGAGCGGTGCAAGTTAATCATTAACTCCGTACTCCTAGTTAATCATTAACTGGAGAGTATAAGTTAATCATTAACTCGACTCACTTGGCGTTTACTATGGGAGGTCTATATAAGCAGAGCTCGTTTAGTGAACCGTCAGATCCACGACGCTCTTCCGATCTCGTCTCACTTCTGCATCGTCGCATCCAAGAG,HNF1A_10bp_10bp_mCMV_1_3_single
CGGAGCGAACCGAGTTAGGGGGTCAAAGTCCAATAGGATCCTACGGGGTCAAAGTCCAATGAATCCGTCCGGGGTCAAAGTCCAATCAGGCCGCTTGGGGTCAAAGTCCAATGATAGTACTCGGCGTTTACTATGGGAGGTCTATATAAGCAGAGCTCGTTTAGTGAACCGTCAGATCCACGACGCTCTTCCGATCTGCCACAACAACACCATCGTCGCATCCAAGAG,HNF4A_10bp_10bp_mCMV_3_3_single
CGGAGCGAACCGAGTTAGGATAAGATCGCTCGATAAGATAGTAGGATAAGATACTCTGATAAGATATACTCCTCCGGCGTTTACTATGGGAGGTCTATATAAGCAGAGCTCGTTTAGTGAACCGTCAGATCCACGACGCTCTTCCGATCTCTGAACTCGAGGTCATCGTCGCATCCAAGAG,GATA1_5bp_10bp_mCMV_2_2_single
CGGAGCGAACCGAGTTAGGAGATAACGCAGGATCCTACGAGATAACGCGAATCCGTCCGAGATAACGCCAGGCCGCTTGAGATAACGCGATAGTACTCGGCGTTTACTATGGGAGGTCTATATAAGCAGAGCTCGTTTAGTGAACCGTCAGATCCACGACGCTCTTCCGATCTCGACTGGTAAGTGCATCGTCGCATCCAAGAG,GATA4_10bp_10bp_mCMV_3_4_single
CGGAGCGAACCGAGTTAGAGATCAAAGGACTATAGATCAAAGGGATATAGATCAAAGGAGAAAAGATCAAAGGGGGTTCTAACGATATGTGAAAGGGCTGGGCATAAAAGTCAGGGCAGAGCCATCTATTGCTTACATTTGCTTCTCACGACGCTCTTCCGATCTTCAGGCTATCATCATCGTCGCATCCAAGAG,TCF7L2_5bp_21bp_hBGm_2_5_single
CGGAGCGAACCGAGTTAGAATGACACGTCTATAATGACACGTCAGAAATGACACGTCGCCAATGACACGGCTCGAAATCTAGTGGGTTTGGGCGTTTACTATGGGAGGTCTATATAAGCAGAGCTCGTTTAGTGAACCGTCAGATCCACGACGCTCTTCCGATCTTTGCTAAGCACCACATCGTCGCATCCAAGAG,FOSL1_5bp_21bp_mCMV_1_1_single
CGGAGCGAACCGAGTTAGCCACGCCCTCTATCCACGCCCGCTATCCACGCCCGTCTTCCACGCCCTAACTCTACTGTGTCTATACCGGCGTTTACTATGGGAGGTCTATATAAGCAGAGCTCGTTTAGTGAACCGTCAGATCCACGACGCTCTTCCGATCTCCATCCTAAGAACATCGTCGCATCCAAGAG,KLF4_5bp_21bp_mCMV_1_2_single
CGGAGCGAACCGAGTTAGTATCAATAACATTGATATCGATGGACGTATCAATAACATTGATATCGCATCTCGTATCAATAACATTGATAGGACGAGTACTATCAATAACATTGATACGACGCTGTTTGTTACTCAGTGGCGTTTACTATGGGAGGTCTATATAAGCAGAGCTCGTTTAGTGAACCGTCAGATCCACGACGCTCTTCCGATCTGCTAACGATCTCGCATCGTCGCATCCAAGAG,SOX9_10bp_21bp_mCMV_2_2_single
CGGAGCGAACCGAGTTAGATGACTCAGCAATTTAGGATCCTACATGACTCAGCAATTTGAATCCGTCCATGACTCAGCAATTTCAGGCCGCTTATGACTCAGCAATTTGATAGTACTCGGCGTTTACTATGGGAGGTCTATATAAGCAGAGCTCGTTTAGTGAACCGTCAGATCCACGACGCTCTTCCGATCTTCTCGTCAGAGTACATCGTCGCATCCAAGAG,MAF::NFE2_10bp_10bp_mCMV_3_1_single
CGGAGCGAACCGAGTTAGGCTAACTTACTAGTGACCGCACTGTAGGTAGGTCTTCATCAACCACAGAACCACAAGCAACCACAGAACCACAAGCAACCACAGAACCACAAGCAACCACAGAACCACAAGGATAGTACTCTAGAGGGTATATAATGGAAGCTCGACTTCCAGCACGACGCTCTTCCGATCTCCACTTCAGCTAACATCGTCGCATCCAAGAG,RUNX2_TF-seq_NA_10bp_minP_NA_4_single
CGGAGCGAACCGAGTTAGGCTAACTTACTAGTGACCGCACTGTAGAGTTTCATATTACTCTAAATCAGTTTCATATTACTCTAAATCAGTTTCATATTACTCTAAATCAGTTTCATATTACTCTAAATCGATAGTACTCTAGAGGGTATATAATGGAAGCTCGACTTCCAGCACGACGCTCTTCCGATCTCTCATTGCTACTGCATCGTCGCATCCAAGAG,STAT1_TF-seq_NA_10bp_minP_NA_3_single
CGGAGCGAACCGAGTTAGGCTAACTTACTAGTGACCGCACTAGAGCCTGATTTCCCCGAAATGATGAGCTAGGTAGAGCCTGATTTCCCCGAAATGATGAGCTAGGATAGTACTCGGCGTTTACTATGGGAGGTCTATATAAGCAGAGCTCGTTTAGTGAACCGTCAGATCCACGACGCTCTTCCGATCTAATCTGTGGCTGACATCGTCGCATCCAAGAG,STAT4_TF-seq_NA_10bp_mCMV_NA_2_single
CGGAGCGAACCGAGTTAGTAAAGGTCACGAGCGGTGCATAAAGGTCACCCGTACTCCTTAAAGGTCACGGAGAGTATATAAAGGTCACCGACTCACTTGGCGTTTACTATGGGAGGTCTATATAAGCAGAGCTCGTTTAGTGAACCGTCAGATCCACGACGCTCTTCCGATCTATACTGCACACCACATCGTCGCATCCAAGAG,NR4A1_10bp_10bp_mCMV_1_2_single
CGGAGCGAACCGAGTTAGGAGGTCATTGACCCCGAGCGGTGCAGAGGTCATTGACCCCCCGTACTCCTGAGGTCATTGACCCCGGAGAGTATAGAGGTCATTGACCCCGCTCGAAATCTAGTGGGTTTGGGCGTTTACTATGGGAGGTCTATATAAGCAGAGCTCGTTTAGTGAACCGTCAGATCCACGACGCTCTTCCGATCTTCTCCAGCTGTAACATCGTCGCATCCAAGAG,NR4A2::RXRA_10bp_21bp_mCMV_1_2_single
CGGAGCGAACCGAGTTAGCTCGAGACAGGTGCTGACGTGGCATTCCTCGAGACAGGTGCTGACGTGGCATTCCTCGAGACAGGTGCTGACGTGGCATTCCTCGAGACAGGTGCTGACGTGGCATTCCTCGAGACAGGTGCTGACGTGGCATTCGATAGTACTCTAGAGGGTATATAATGGAAGCTCGACTTCCAGCACGACGCTCTTCCGATCTTGGCAGGATACAACATCGTCGCATCCAAGAG,ATF6_TF-seq_NA_10bp_minP_NA_2_single
CGGAGCGAACCGAGTTAGGTAAACATGTTTACAGGATCCTACGTAAACATGTTTACGAATCCGTCCGTAAACATGTTTACCAGGCCGCTTGTAAACATGTTTACGATAGTACTCTAGAGGGTATATAATGGAAGCTCGACTTCCAGCACGACGCTCTTCCGATCTACTAGAGGCATTCCATCGTCGCATCCAAGAG,FOXO1_10bp_10bp_minP_3_3_single
CGGAGCGAACCGAGTTAGATGAACTCGATGAACTCGAGCGGTGCAATGAACTCGATGAACTCCCGTACTCCTATGAACTCGATGAACTCGGAGAGTATAATGAACTCGATGAACTCCGACTCACTTGGCGTTTACTATGGGAGGTCTATATAAGCAGAGCTCGTTTAGTGAACCGTCAGATCCACGACGCTCTTCCGATCTAATTGGTCGCCTCCATCGTCGCATCCAAGAG,NR1I2_10bp_10bp_mCMV_1_2_single
CGGAGCGAACCGAGTTAGACCGGAAGTTCGACACTCTACCGGAAGTGATCGTTCAAACCGGAAGTGGTCCACTAGACCGGAAGTGATCCTATACGGGCTGGGCATAAAAGTCAGGGCAGAGCCATCTATTGCTTACATTTGCTTCTCACGACGCTCTTCCGATCTGTAGGCAGGAACCATCGTCGCATCCAAGAG,ELK1_10bp_10bp_hBGm_1_2_single
CGGAGCGAACCGAGTTAGTGCGCATGCGCACGCTCTGCGCATGCGCAAGTAGTGCGCATGCGCAACTCTTGCGCATGCGCAATACTCCTCCGGCGTTTACTATGGGAGGTCTATATAAGCAGAGCTCGTTTAGTGAACCGTCAGATCCACGACGCTCTTCCGATCTCACGTTACTGCTACATCGTCGCATCCAAGAG,NRF1_5bp_10bp_mCMV_2_3_single
CGGAGCGAACCGAGTTAGTTTGGCGCCAATTTGGTTTTGGCGCCAATGGTCCTTTGGCGCCAATTGGTATTTGGCGCCAATGATAGTACTCGGCGTTTACTATGGGAGGTCTATATAAGCAGAGCTCGTTTAGTGAACCGTCAGATCCACGACGCTCTTCCGATCTGTCCATCACTTCCCATCGTCGCATCCAAGAG,E2F1_5bp_10bp_mCMV_3_3_single
CGGAGCGAACCGAGTTAGTATAATCGTTTTTCTAATATCTTATAATCGTTTTTCGAGCTATCTATAATCGTTTTAGGAGCTCGGTATAATCGTTTTGATAGTACTCGGGCTGGGCATAAAAGTCAGGGCAGAGCCATCTATTGCTTACATTTGCTTCTCACGACGCTCTTCCGATCTGCTTCTAGCCACCATCGTCGCATCCAAGAG,HOMEZ_10bp_10bp_hBGm_2_5_single
CGGAGCGAACCGAGTTAGAGGCCTTCTATAGGCCTGCTATAGGCCTGTCTTAGGCCTGATCCTATACTAGAGGGTATATAATGGAAGCTCGACTTCCAGCACGACGCTCTTCCGATCTCGGATCACCATCCATCGTCGCATCCAAGAG,ZFX_5bp_10bp_minP_1_1_single
CGGAGCGAACCGAGTTAGGCTAGTAGGCCACGTGACCGGGGTAGGCCACGTGACCGGGGTAGGCCACGTGACCGGGGTAGGCCACGTGACCGGGATAGACAGAAGCTGGTATAGTGGCGTTTACTATGGGAGGTCTATATAAGCAGAGCTCGTTTAGTGAACCGTCAGATCCACGACGCTCTTCCGATCTTGGACCACAAGGTCATCGTCGCATCCAAGAG,TFEB_TF-seq_NA_21bp_mCMV_NA_2_single
CGGAGCGAACCGAGTTAGGTGACCTTATGAGGTCACTCTATGTGACCTTATGAGGTCACTCAGAGTGACCTTATGAGGTCACTCGCCGTGACCTTATGAGGTCACCGACTCACTTGGCGTTTACTATGGGAGGTCTATATAAGCAGAGCTCGTTTAGTGAACCGTCAGATCCACGACGCTCTTCCGATCTAGAGAGCGCTTAACATCGTCGCATCCAAGAG,THRA_5bp_10bp_mCMV_1_4_single
CGGAGCGAACCGAGTTAGGCTAACTTACTAGTGACCGCACTCGTGGGAACGTGGGAACGTGGGAACGTGGGAACGTGGGAACGTGGGAACGTGGGAACGTGGGAAGATAGTACTCGGCGTTTACTATGGGAGGTCTATATAAGCAGAGCTCGTTTAGTGAACCGTCAGATCCACGACGCTCTTCCGATCTTCTGACGTTAGAGCATCGTCGCATCCAAGAG,RBPJ_TF-seq_NA_10bp_mCMV_NA_3_single
CGGAGCGAACCGAGTTAGAACATATGTTTCTATAACATATGTTGCTATAACATATGTTGTCTTAACATATGTTTAACTCTACTGTGTCTATACCGGGCTGGGCATAAAAGTCAGGGCAGAGCCATCTATTGCTTACATTTGCTTCTCACGACGCTCTTCCGATCTCAGAACGAGTTACATCGTCGCATCCAAGAG,NEUROG2_5bp_21bp_hBGm_1_2_single
CGGAGCGAACCGAGTTAGATGTAGGTCAAAGGTCATTCGATGGACGATGTAGGTCAAAGGTCATTCGCATCTCGATGTAGGTCAAAGGTCATGGACGAGTACATGTAGGTCAAAGGTCATCGACGCTGTTTGTTACTCAGTTAGAGGGTATATAATGGAAGCTCGACTTCCAGCACGACGCTCTTCCGATCTTAGTTACCGACTGCATCGTCGCATCCAAGAG,PPARA::RXRA_10bp_21bp_minP_2_2_single
CGGAGCGAACCGAGTTAGGCTAACTTACTAGTGACCGCACTGTAGGTAGCGGTCACGTTTTCCCGGTCACGTTTTCCCGGTCACGTTTTCCCGGTCACGTTTTCCGATAGTACTCGGCGTTTACTATGGGAGGTCTATATAAGCAGAGCTCGTTTAGTGAACCGTCAGATCCACGACGCTCTTCCGATCTACACAGCTTCTTGCATCGTCGCATCCAAGAG,CLOCK_TF-seq_NA_10bp_mCMV_NA_3_single
CGGAGCGAACCGAGTTAGTAATTGGAGCGTAATTGCGATGTAATTGCCGATTAATTGTCGTACAAACGCCTTTTTCACGGGCTGGGCATAAAAGTCAGGGCAGAGCCATCTATTGCTTACATTTGCTTCTCACGACGCTCTTCCGATCTCAAGCGCAGGTTCATCGTCGCATCCAAGAG,GBX2_5bp_21bp_hBGm_3_3_single
CGGAGCGAACCGAGTTAGATTGCGCAATTCTATATTGCGCAATTCAGAATTGCGCAATTCGCCATTGCGCAATGCTCGAAATCTAGTGGGTTTGGGCGTTTACTATGGGAGGTCTATATAAGCAGAGCTCGTTTAGTGAACCGTCAGATCCACGACGCTCTTCCGATCTAGGACAGACCTTACATCGTCGCATCCAAGAG,CEBPB_5bp_21bp_mCMV_1_5_single
CGGAGCGAACCGAGTTAGGCTAACTTACTAGTGACCGCACTGTAGGTAGGTCTTCATGCACGTGCACGTGCACGTGCACGTGCACGTGCACGTGATAGACAGAAGCTGGTATAGTGGCGTTTACTATGGGAGGTCTATATAAGCAGAGCTCGTTTAGTGAACCGTCAGATCCACGACGCTCTTCCGATCTTACAAGGCCATCACATCGTCGCATCCAAGAG,MYC_romanov_NA_21bp_mCMV_NA_3_single
CGGAGCGAACCGAGTTAGTGCGGGGGAGTGAGCGGTGCATGCGGGGGAGTCCGTACTCCTTGCGGGGGAGTGGAGAGTATATGCGGGGGAGTGCTCGAAATCTAGTGGGTTTGGGCGTTTACTATGGGAGGTCTATATAAGCAGAGCTCGTTTAGTGAACCGTCAGATCCACGACGCTCTTCCGATCTAGTTGTGCGCTTACATCGTCGCATCCAAGAG,WT1_10bp_21bp_mCMV_1_2_single
CGGAGCGAACCGAGTTAGTTGGCACCGTGCCAATCGATGGACGTTGGCACCGTGCCAATCGCATCTCGTTGGCACCGTGCCAAGGACGAGTACTTGGCACCGTGCCAAATACTCCTCCTAGAGGGTATATAATGGAAGCTCGACTTCCAGCACGACGCTCTTCCGATCTGGCCGGTGTATAACATCGTCGCATCCAAGAG,NFIA_10bp_10bp_minP_2_4_single
CGGAGCGAACCGAGTTAGAAAGGTCAAAAGGTCACCGCTCAAAGGTCAAAAGGTCACAGTAGAAAGGTCAAAAGGTCACACTCTAAAGGTCAAAAGGTCACCGACGCTGTTTGTTACTCAGTGGCGTTTACTATGGGAGGTCTATATAAGCAGAGCTCGTTTAGTGAACCGTCAGATCCACGACGCTCTTCCGATCTGGTATTGTTCCTGCATCGTCGCATCCAAGAG,PPARG::RXRA_5bp_21bp_mCMV_2_1_single
CGGAGCGAACCGAGTTAGCTGTCTGTCACCTTCTATCTGTCTGTCACCTTCAGACTGTCTGTCACCTTCGCCCTGTCTGTCACCTGCTCGAAATCTAGTGGGTTTGGGCGTTTACTATGGGAGGTCTATATAAGCAGAGCTCGTTTAGTGAACCGTCAGATCCACGACGCTCTTCCGATCTCTTCGCTGTCCTACATCGTCGCATCCAAGAG,SMAD2::SMAD3::SMAD4_5bp_21bp_mCMV_1_2_single
CGGAGCGAACCGAGTTAGCGTTGCCATGGCAACGGAGCGGTGCACGTTGCCATGGCAACGCCGTACTCCTCGTTGCCATGGCAACGGGAGAGTATACGTTGCCATGGCAACGGCTCGAAATCTAGTGGGTTTGGGTTAGCGATCCAATTCAGCTAGATTTTAAGCCACGACGCTCTTCCGATCTTCTGCGACATCTACATCGTCGCATCCAAGAG,RFX1_10bp_21bp_Random_1_5_single
CGGAGCGAACCGAGTTAGGACCACCCGAGCGGACCACCCCGATGGACCACCCCCGATGACCACCCTCTCGTATACGGCGTTTACTATGGGAGGTCTATATAAGCAGAGCTCGTTTAGTGAACCGTCAGATCCACGACGCTCTTCCGATCTCCACTAGAACTGCATCGTCGCATCCAAGAG,GLI1_5bp_10bp_mCMV_3_1_single
CGGAGCGAACCGAGTTAGGCTAACTTACTAGTGACCGCACTGTAGGTAGGTCTTCATGTATAAATGCAATACCCGTGCAATCCCCGTGCAATCCCCATGCAATACCCGTGCAATACCCATAGACAGAAGCTGGTATAGTTAGAGGGTATATAATGGAAGCTCGACTTCCAGCACGACGCTCTTCCGATCTAGATCAGACTGTGCATCGTCGCATCCAAGAG,CEBPA_TF-seq_NA_21bp_minP_NA_3_single
CGGAGCGAACCGAGTTAGAAAGTTCATTCGATGGACGAAAGTTCATTCGCATCTCGAAAGTTCATGGACGAGTACAAAGTTCATCGACGCTGTTTGTTACTCAGTGGCGTTTACTATGGGAGGTCTATATAAGCAGAGCTCGTTTAGTGAACCGTCAGATCCACGACGCTCTTCCGATCTCTTACCTCAACCACATCGTCGCATCCAAGAG,NR1I3_10bp_21bp_mCMV_2_4_single
CGGAGCGAACCGAGTTAGCAAGGTCAGAGCGCAAGGTCACGATGCAAGGTCACCGATCAAGGTCATCTCGTATACGGGCTGGGCATAAAAGTCAGGGCAGAGCCATCTATTGCTTACATTTGCTTCTCACGACGCTCTTCCGATCTGTGAACGCCTCACATCGTCGCATCCAAGAG,ESRRB_5bp_10bp_hBGm_3_3_single
CGGAGCGAACCGAGTTAGGCTAACTTACTAGTGACCGCACTGTAGGTAGGTCTTCATGTATAACCCAGCCCAACCATTGGGTTCCGTCCTGTACAAAGGCGGTTCCATAATATTGATTTATATTGATTTGATAGTACTCTAGAGGGTATATAATGGAAGCTCGACTTCCAGCACGACGCTCTTCCGATCTGCCTTGATCGTCTCATCGTCGCATCCAAGAG,ONECUT1_romanov_NA_10bp_minP_NA_4_single
CGGAGCGAACCGAGTTAGGCTAACTTACTAGTGACCGCACTGTAGGTAGGTCTTCATGTATAACCCAGCCCAACCGCCCAGGGCTGCCCAGGGCTGCCCAGGGCTGATAGTACTCGGCGTTTACTATGGGAGGTCTATATAAGCAGAGCTCGTTTAGTGAACCGTCAGATCCACGACGCTCTTCCGATCTGGCACACGTCATACATCGTCGCATCCAAGAG,TFAP2A_romanov_NA_10bp_mCMV_NA_1_single
CGGAGCGAACCGAGTTAGGGGAACACAATGTTCCCGAGCGGTGCAGGGAACACAATGTTCCCCCGTACTCCTGGGAACACAATGTTCCCGGAGAGTATAGGGAACACAATGTTCCCGCTCGAAATCTAGTGGGTTTGGGTTAGCGATCCAATTCAGCTAGATTTTAAGCCACGACGCTCTTCCGATCTTCCAGGTTCAGCACATCGTCGCATCCAAGAG,NR3C2_10bp_21bp_Random_1_4_single
CGGAGCGAACCGAGTTAGCAATATGGCTCGACACTCTCAATATGGCGATCGTTCAACAATATGGCGGTCCACTAGCAATATGGCGATCCTATACTAGAGGGTATATAATGGAAGCTCGACTTCCAGCACGACGCTCTTCCGATCTCCGCAATCTTAGCATCGTCGCATCCAAGAG,ZFP42_10bp_10bp_minP_1_5_single
CGGAGCGAACCGAGTTAGGCTAACTTACTAGTGACCGCAGGAAGCGAAAATGAAATTGACTGGAAGCGAAAATGAAATTGACTGGAAGCGAAAATGAAATTGACTGATAGTACTCGGCGTTTACTATGGGAGGTCTATATAAGCAGAGCTCGTTTAGTGAACCGTCAGATCCACGACGCTCTTCCGATCTTGCCTAGCTGATCCATCGTCGCATCCAAGAG,IRF1_TF-seq_NA_10bp_mCMV_NA_5_single
CGGAGCGAACCGAGTTAGGCTAACTTACTAGTGACCGCACTGTAGGTAGGTCTTCGTTATTTATCTCTTAGTTGTAGTTATTTATCTCTTAGTTGTAGTTATTTATCTCTTAGTTGTAATAGACAGAAGCTGGTATAGTTAGAGGGTATATAATGGAAGCTCGACTTCCAGCACGACGCTCTTCCGATCTGTCTCAGATTGGACATCGTCGCATCCAAGAG,GATA3_TF-seq_NA_21bp_minP_NA_2_single
CGGAGCGAACCGAGTTAGGGGGTCAAAGGTCACGCTCGGGGTCAAAGGTCAAGTAGGGGGTCAAAGGTCAACTCTGGGGTCAAAGGTCAATACTCCTCCTAGAGGGTATATAATGGAAGCTCGACTTCCAGCACGACGCTCTTCCGATCTGAGACACCTACTACATCGTCGCATCCAAGAG,RXRA_5bp_10bp_minP_2_3_single
CGGAGCGAACCGAGTTAGGCTAACTTACTGTGACTACGTGCTGCCTAGGTGACTACGTGCTGCCTAGGTGACTACGTGCTGCCTAGGTGACTACGTGCTGCCTAGGATAGTACTCGGCGTTTACTATGGGAGGTCTATATAAGCAGAGCTCGTTTAGTGAACCGTCAGATCCACGACGCTCTTCCGATCTCACGCTGTAACCACATCGTCGCATCCAAGAG,HIF1A_promega_NA_10bp_mCMV_NA_1_single
CGGAGCGAACCGAGTTAGCTGACCTACTGACCCACATCTTGGTCTGACCTACTGACCCACATCGGTCCCTGACCTACTGACCCACATCTGGTACTGACCTACTGACCCACATCATAGACAGAAGCTGGTATAGTGGCGTTTACTATGGGAGGTCTATATAAGCAGAGCTCGTTTAGTGAACCGTCAGATCCACGACGCTCTTCCGATCTGGCATTATAGCGACATCGTCGCATCCAAGAG,NR1D1_5bp_21bp_mCMV_3_2_single
CGGAGCGAACCGAGTTAGGTGGAAAGGTACGTCTATGTGGAAAGGTACGTCAGAGTGGAAAGGTACGTCGCCGTGGAAAGGTACGCGACTCACTTTAGAGGGTATATAATGGAAGCTCGACTTCCAGCACGACGCTCTTCCGATCTCGTTAGGTTGGCTCATCGTCGCATCCAAGAG,NFAT5_5bp_10bp_minP_1_2_single
CGGAGCGAACCGAGTTAGGGGTACACCGTGTACCTCGCTCGGGTACACCGTGTACCTAGTAGGGGTACACCGTGTACCTACTCTGGGTACACCGTGTACCTCGACGCTGTTTGTTACTCAGTTAGAGGGTATATAATGGAAGCTCGACTTCCAGCACGACGCTCTTCCGATCTCTCGTTGAGTCAACATCGTCGCATCCAAGAG,AR_5bp_21bp_minP_2_5_single
CGGAGCGAACCGAGTTAGGGTACACAGTGTTCCGAGCGGTGCAGGTACACAGTGTTCCCCGTACTCCTGGTACACAGTGTTCCGGAGAGTATAGGTACACAGTGTTCCGCTCGAAATCTAGTGGGTTTGTAGAGGGTATATAATGGAAGCTCGACTTCCAGCACGACGCTCTTCCGATCTAAGCCTCTCTTGACATCGTCGCATCCAAGAG,PGR_10bp_21bp_minP_1_5_single
CGGAGCGAACCGAGTTAGTAATCCGTCTATTAATCCGGCTATTAATCCGGTCTTTAATCCGGATCCTATACTAGAGGGTATATAATGGAAGCTCGACTTCCAGCACGACGCTCTTCCGATCTGGCCTTATTAGACATCGTCGCATCCAAGAG,OTX1_5bp_10bp_minP_1_3_single
CGGAGCGAACCGAGTTAGGCTAACTTACTAGTGAATCACCCCACATCACCCCACATCACCCCACATCACCCCACATCACCCCACATCACCCCACATAGACAGAAGCTGGTATAGTGGCGTTTACTATGGGAGGTCTATATAAGCAGAGCTCGTTTAGTGAACCGTCAGATCCACGACGCTCTTCCGATCTGTCTTGGCTCCAACATCGTCGCATCCAAGAG,SREBF1_TF-seq_NA_21bp_mCMV_NA_1_single
CGGAGCGAACCGAGTTAGTTCAAGGTCACTCTATTTCAAGGTCACTCAGATTCAAGGTCACTCGCCTTCAAGGTCACGCTCGAAATCTAGTGGGTTTGGGCGTTTACTATGGGAGGTCTATATAAGCAGAGCTCGTTTAGTGAACCGTCAGATCCACGACGCTCTTCCGATCTTCTTCATCGTTGGCATCGTCGCATCCAAGAG,NR5A2_5bp_21bp_mCMV_1_3_single
CGGAGCGAACCGAGTTAGTTAACGGTTATTCGATGGACGTTAACGGTTATTCGCATCTCGTTAACGGTTATGGACGAGTACTTAACGGTTATATACTCCTCCTAGAGGGTATATAATGGAAGCTCGACTTCCAGCACGACGCTCTTCCGATCTTGTCAAGAGAGCTCATCGTCGCATCCAAGAG,MYBL2_10bp_10bp_minP_2_5_single
CGGAGCGAACCGAGTTAGTAAAGGTCAAAGGTCAACGGAGCGGTGCATAAAGGTCAAAGGTCAACGCCGTACTCCTTAAAGGTCAAAGGTCAACGGGAGAGTATATAAAGGTCAAAGGTCAACGGCTCGAAATCTAGTGGGTTTGGGCGTTTACTATGGGAGGTCTATATAAGCAGAGCTCGTTTAGTGAACCGTCAGATCCACGACGCTCTTCCGATCTATACCAACACCACATCGTCGCATCCAAGAG,NR1H2_10bp_21bp_mCMV_1_2_single
CGGAGCGAACCGAGTTAGGCTGTTGCTCAATCGACTTCCCAAGAACAGGCTGTTGCTCAATCGACTTCCCAAGAACAGGCTGTTGCTCAATCGACTTCCCAAGAACAGGCTGTTGCTCAATCGACTTCCCAAGAACAGGATAGTACTCGGCGTTTACTATGGGAGGTCTATATAAGCAGAGCTCGTTTAGTGAACCGTCAGATCCACGACGCTCTTCCGATCTGGTTCGCTACATCGTCGCATCCAAGAG,STAT6_TF-seq_NA_10bp_mCMV_NA_5_single
CGGAGCGAACCGAGTTAGTCGGCGACGAGTCGACACTCTTCGGCGACGAGGATCGTTCAATCGGCGACGAGGGTCCACTAGTCGGCGACGAGTAACTCTACTGTGTCTATACCTAGAGGGTATATAATGGAAGCTCGACTTCCAGCACGACGCTCTTCCGATCTGCAAGTGACTATCATCGTCGCATCCAAGAG,RANDOM3_10bp_21bp_minP_1_1_single
CGGAGCGAACCGAGTTAGTTCTTCAGACTTCGACACTCTTTCTTCAGACTGATCGTTCAATTCTTCAGACTGGTCCACTAGTTCTTCAGACTTAACTCTACTGTGTCTATACCTAGAGGGTATATAATGGAAGCTCGACTTCCAGCACGACGCTCTTCCGATCTCTCAACTGATACCATCGTCGCATCCAAGAG,RANDOM2_10bp_21bp_minP_1_2_single
CGGAGCGAACCGAGTTAGGTACTGAGATGTCGACACTCTGTACTGAGATGGATCGTTCAAGTACTGAGATGGGTCCACTAGGTACTGAGATGTAACTCTACTGTGTCTATACCTAGAGGGTATATAATGGAAGCTCGACTTCCAGCACGACGCTCTTCCGATCTAGTCTCGGTCTCCATCGTCGCATCCAAGAG,RANDOM1_10bp_21bp_minP_1_3_single
CGGAGCGAACCGAGTTAGTTCTTCAGACTTCGACACTCTTTCTTCAGACTGATCGTTCAATTCTTCAGACTGGTCCACTAGTTCTTCAGACTTAACTCTACTGTGTCTATACCGGGCTGGGCATAAAAGTCAGGGCAGAGCCATCTATTGCTTACATTTGCTTCTCACGACGCTCTTCCGATCTTGTCTTACACACCATCGTCGCATCCAAGAG,RANDOM2_10bp_21bp_hBGm_1_3_single
CGGAGCGAACCGAGTTAGGTACTGAGATGTCGACACTCTGTACTGAGATGGATCGTTCAAGTACTGAGATGGGTCCACTAGGTACTGAGATGTAACTCTACTGTGTCTATACCGGGCTGGGCATAAAAGTCAGGGCAGAGCCATCTATTGCTTACATTTGCTTCTCACGACGCTCTTCCGATCTGTTACTGGAGCGCATCGTCGCATCCAAGAG,RANDOM1_10bp_21bp_hBGm_1_5_single
CGGAGCGAACCGAGTTAGTCGGCGACGAGTCGACACTCTTCGGCGACGAGGATCGTTCAATCGGCGACGAGGGTCCACTAGTCGGCGACGAGTAACTCTACTGTGTCTATACCGGGCTGGGCATAAAAGTCAGGGCAGAGCCATCTATTGCTTACATTTGCTTCTCACGACGCTCTTCCGATCTGAACGTTGAAGGCATCGTCGCATCCAAGAG,RANDOM3_10bp_21bp_hBGm_1_5_single
CGGAGCGAACCGAGTTAGTCGGCGACGAGTCGACACTCTTCGGCGACGAGGATCGTTCAATCGGCGACGAGGGTCCACTAGTCGGCGACGAGTAACTCTACTGTGTCTATACCGGCGTTTACTATGGGAGGTCTATATAAGCAGAGCTCGTTTAGTGAACCGTCAGATCCACGACGCTCTTCCGATCTTAGGATCTGGTCCATCGTCGCATCCAAGAG,RANDOM3_10bp_21bp_mCMV_1_3_single
CGGAGCGAACCGAGTTAGGTACTGAGATGTCGACACTCTGTACTGAGATGGATCGTTCAAGTACTGAGATGGGTCCACTAGGTACTGAGATGTAACTCTACTGTGTCTATACCGGCGTTTACTATGGGAGGTCTATATAAGCAGAGCTCGTTTAGTGAACCGTCAGATCCACGACGCTCTTCCGATCTGTATAGTGCAGACATCGTCGCATCCAAGAG,RANDOM1_10bp_21bp_mCMV_1_5_single
CGGAGCGAACCGAGTTAGTTCTTCAGACTTCGACACTCTTTCTTCAGACTGATCGTTCAATTCTTCAGACTGGTCCACTAGTTCTTCAGACTTAACTCTACTGTGTCTATACCGGCGTTTACTATGGGAGGTCTATATAAGCAGAGCTCGTTTAGTGAACCGTCAGATCCACGACGCTCTTCCGATCTGCACTAACGTCGCATCGTCGCATCCAAGAG,RANDOM2_10bp_21bp_mCMV_1_5_single
CGGAGCGAACCGAGTTAGGTACTGAGATGTCTAATATCTGTACTGAGATGTCGAGCTATCGTACTGAGATGAGGAGCTCGGGTACTGAGATGGGGTTCTAACGATATGTGAAATAGAGGGTATATAATGGAAGCTCGACTTCCAGCACGACGCTCTTCCGATCTCCACAAGTTGGACATCGTCGCATCCAAGAG,RANDOM1_10bp_21bp_minP_2_2_single
CGGAGCGAACCGAGTTAGTTCTTCAGACTTCTAATATCTTTCTTCAGACTTCGAGCTATCTTCTTCAGACTAGGAGCTCGGTTCTTCAGACTGGGTTCTAACGATATGTGAAATAGAGGGTATATAATGGAAGCTCGACTTCCAGCACGACGCTCTTCCGATCTTCGGCGGTATAACATCGTCGCATCCAAGAG,RANDOM2_10bp_21bp_minP_2_4_single
CGGAGCGAACCGAGTTAGTCGGCGACGAGTCTAATATCTTCGGCGACGAGTCGAGCTATCTCGGCGACGAGAGGAGCTCGGTCGGCGACGAGGGGTTCTAACGATATGTGAAATAGAGGGTATATAATGGAAGCTCGACTTCCAGCACGACGCTCTTCCGATCTTACGAAGCAAGCCATCGTCGCATCCAAGAG,RANDOM3_10bp_21bp_minP_2_5_single
CGGAGCGAACCGAGTTAGGTACTGAGATGTCTAATATCTGTACTGAGATGTCGAGCTATCGTACTGAGATGAGGAGCTCGGGTACTGAGATGGGGTTCTAACGATATGTGAAAGGGCTGGGCATAAAAGTCAGGGCAGAGCCATCTATTGCTTACATTTGCTTCTCACGACGCTCTTCCGATCTAGAAGTCCAAGGCATCGTCGCATCCAAGAG,RANDOM1_10bp_21bp_hBGm_2_4_single
CGGAGCGAACCGAGTTAGTTCTTCAGACTTCTAATATCTTTCTTCAGACTTCGAGCTATCTTCTTCAGACTAGGAGCTCGGTTCTTCAGACTGGGTTCTAACGATATGTGAAAGGGCTGGGCATAAAAGTCAGGGCAGAGCCATCTATTGCTTACATTTGCTTCTCACGACGCTCTTCCGATCTTCGATAGCACATCATCGTCGCATCCAAGAG,RANDOM2_10bp_21bp_hBGm_2_4_single
CGGAGCGAACCGAGTTAGTCGGCGACGAGTCTAATATCTTCGGCGACGAGTCGAGCTATCTCGGCGACGAGAGGAGCTCGGTCGGCGACGAGGGGTTCTAACGATATGTGAAAGGGCTGGGCATAAAAGTCAGGGCAGAGCCATCTATTGCTTACATTTGCTTCTCACGACGCTCTTCCGATCTCAACTCACGATACATCGTCGCATCCAAGAG,RANDOM3_10bp_21bp_hBGm_2_5_single
CGGAGCGAACCGAGTTAGGTACTGAGATGTCTAATATCTGTACTGAGATGTCGAGCTATCGTACTGAGATGAGGAGCTCGGGTACTGAGATGGGGTTCTAACGATATGTGAAAGGCGTTTACTATGGGAGGTCTATATAAGCAGAGCTCGTTTAGTGAACCGTCAGATCCACGACGCTCTTCCGATCTCAGTCTCGCGAACATCGTCGCATCCAAGAG,RANDOM1_10bp_21bp_mCMV_2_2_single
CGGAGCGAACCGAGTTAGTCGGCGACGAGTCTAATATCTTCGGCGACGAGTCGAGCTATCTCGGCGACGAGAGGAGCTCGGTCGGCGACGAGGGGTTCTAACGATATGTGAAAGGCGTTTACTATGGGAGGTCTATATAAGCAGAGCTCGTTTAGTGAACCGTCAGATCCACGACGCTCTTCCGATCTGCAGATTGAGATCATCGTCGCATCCAAGAG,RANDOM3_10bp_21bp_mCMV_2_2_single
CGGAGCGAACCGAGTTAGTTCTTCAGACTTCTAATATCTTTCTTCAGACTTCGAGCTATCTTCTTCAGACTAGGAGCTCGGTTCTTCAGACTGGGTTCTAACGATATGTGAAAGGCGTTTACTATGGGAGGTCTATATAAGCAGAGCTCGTTTAGTGAACCGTCAGATCCACGACGCTCTTCCGATCTATCCGGCGTAGACATCGTCGCATCCAAGAG,RANDOM2_10bp_21bp_mCMV_2_3_single
CGGAGCGAACCGAGTTAGTTCTTCAGACTTAGTCTGAAGTTCTTCAGACTCGACTATCTTTTCTTCAGACTTAGTCCGATGTTCTTCAGACTTCGTACAAACGCCTTTTTCACTAGAGGGTATATAATGGAAGCTCGACTTCCAGCACGACGCTCTTCCGATCTTCTGGTCGACAGCATCGTCGCATCCAAGAG,RANDOM2_10bp_21bp_minP_3_1_single
CGGAGCGAACCGAGTTAGTCGGCGACGAGTAGTCTGAAGTCGGCGACGAGCGACTATCTTTCGGCGACGAGTAGTCCGATGTCGGCGACGAGTCGTACAAACGCCTTTTTCACTAGAGGGTATATAATGGAAGCTCGACTTCCAGCACGACGCTCTTCCGATCTTAGCGTCCACTACATCGTCGCATCCAAGAG,RANDOM3_10bp_21bp_minP_3_2_single
CGGAGCGAACCGAGTTAGGTACTGAGATGTAGTCTGAAGGTACTGAGATGCGACTATCTTGTACTGAGATGTAGTCCGATGGTACTGAGATGTCGTACAAACGCCTTTTTCACTAGAGGGTATATAATGGAAGCTCGACTTCCAGCACGACGCTCTTCCGATCTTGGCTTGGTTATCATCGTCGCATCCAAGAG,RANDOM1_10bp_21bp_minP_3_3_single
CGGAGCGAACCGAGTTAGTCGGCGACGAGTAGTCTGAAGTCGGCGACGAGCGACTATCTTTCGGCGACGAGTAGTCCGATGTCGGCGACGAGTCGTACAAACGCCTTTTTCACGGGCTGGGCATAAAAGTCAGGGCAGAGCCATCTATTGCTTACATTTGCTTCTCACGACGCTCTTCCGATCTCGACACCAGGATCATCGTCGCATCCAAGAG,RANDOM3_10bp_21bp_hBGm_3_1_single
CGGAGCGAACCGAGTTAGTTCTTCAGACTTAGTCTGAAGTTCTTCAGACTCGACTATCTTTTCTTCAGACTTAGTCCGATGTTCTTCAGACTTCGTACAAACGCCTTTTTCACGGGCTGGGCATAAAAGTCAGGGCAGAGCCATCTATTGCTTACATTTGCTTCTCACGACGCTCTTCCGATCTCTTGCCGGTACACATCGTCGCATCCAAGAG,RANDOM2_10bp_21bp_hBGm_3_4_single
CGGAGCGAACCGAGTTAGGTACTGAGATGTAGTCTGAAGGTACTGAGATGCGACTATCTTGTACTGAGATGTAGTCCGATGGTACTGAGATGTCGTACAAACGCCTTTTTCACGGGCTGGGCATAAAAGTCAGGGCAGAGCCATCTATTGCTTACATTTGCTTCTCACGACGCTCTTCCGATCTTTACTGTACTCGCATCGTCGCATCCAAGAG,RANDOM1_10bp_21bp_hBGm_3_5_single
CGGAGCGAACCGAGTTAGTTCTTCAGACTTAGTCTGAAGTTCTTCAGACTCGACTATCTTTTCTTCAGACTTAGTCCGATGTTCTTCAGACTTCGTACAAACGCCTTTTTCACGGCGTTTACTATGGGAGGTCTATATAAGCAGAGCTCGTTTAGTGAACCGTCAGATCCACGACGCTCTTCCGATCTAGTCGTGGTGATCATCGTCGCATCCAAGAG,RANDOM2_10bp_21bp_mCMV_3_1_single
CGGAGCGAACCGAGTTAGGTACTGAGATGTAGTCTGAAGGTACTGAGATGCGACTATCTTGTACTGAGATGTAGTCCGATGGTACTGAGATGTCGTACAAACGCCTTTTTCACGGCGTTTACTATGGGAGGTCTATATAAGCAGAGCTCGTTTAGTGAACCGTCAGATCCACGACGCTCTTCCGATCTGTATAGCGCTCGCATCGTCGCATCCAAGAG,RANDOM1_10bp_21bp_mCMV_3_4_single
CGGAGCGAACCGAGTTAGTCGGCGACGAGTAGTCTGAAGTCGGCGACGAGCGACTATCTTTCGGCGACGAGTAGTCCGATGTCGGCGACGAGTCGTACAAACGCCTTTTTCACGGCGTTTACTATGGGAGGTCTATATAAGCAGAGCTCGTTTAGTGAACCGTCAGATCCACGACGCTCTTCCGATCTGCTTGAAGGAGCCATCGTCGCATCCAAGAG,RANDOM3_10bp_21bp_mCMV_3_4_single
CGGAGCGAACCGAGTTAGGTACTGAGATGTCGACACTCTGTACTGAGATGGATCGTTCAAGTACTGAGATGGGTCCACTAGGTACTGAGATGTAACTCTACTGTGTCTATACCGGTTAGCGATCCAATTCAGCTAGATTTTAAGCCACGACGCTCTTCCGATCTGGCCACGAGATACATCGTCGCATCCAAGAG,RANDOM1_10bp_21bp_Random_1_3_single
CGGAGCGAACCGAGTTAGTTCTTCAGACTTCGACACTCTTTCTTCAGACTGATCGTTCAATTCTTCAGACTGGTCCACTAGTTCTTCAGACTTAACTCTACTGTGTCTATACCGGTTAGCGATCCAATTCAGCTAGATTTTAAGCCACGACGCTCTTCCGATCTTCTTAGTGCCTCCATCGTCGCATCCAAGAG,RANDOM2_10bp_21bp_Random_1_4_single
CGGAGCGAACCGAGTTAGTCGGCGACGAGTCGACACTCTTCGGCGACGAGGATCGTTCAATCGGCGACGAGGGTCCACTAGTCGGCGACGAGTAACTCTACTGTGTCTATACCGGTTAGCGATCCAATTCAGCTAGATTTTAAGCCACGACGCTCTTCCGATCTTAGATCGGCAAGCATCGTCGCATCCAAGAG,RANDOM3_10bp_21bp_Random_1_5_single
